,Site,Lat,Lon,Elev,Climate,continent,country_code
23772,GOT_Seaprism,9.2862,101.4123,10.0,Af,Asia,nan
85589,Lerwick_MO,60.139372,-1.185113,82.0,Cfc,Europe,UK
85579,Joberg,-26.186133,28.029167,1736.0,Cwb,Africa,ZA
85577,DRAGON_NREL-Golden,39.743725,-105.17799,1833.0,BSk,North America,US
85576,San_Nicolas,33.256889,-119.486972,133.0,Csb,North America,US
85405,SMART,24.249321,55.612064,250.0,BWh,Asia,AE
85590,Section-7_Platform,44.5458,29.4466,30.0,BSk,Europe,nan
137528,Casablanca_Platform,40.717,1.358,35.0,Csa,Europe,Es
0,Chiang_Mai_Met_Sta,18.771125,98.972467,312.0,Aw,Asia,TH
3300,DEWA_ResearchCentre,24.766847,55.369125,86.8,BWh,Asia,AE
3742,Sandia_NM_PSEL,35.054583,-106.540069,1662.5,BSk,North America,US
3755,UMBC,39.254628,-76.709353,79.0,Cfa,North America,US
3884,DRAGON_SeabrookPark,29.583047,-95.015544,4.0,Cfa,North America,US
3890,Peterhof,59.881,29.826,58.0,Dfb,Europe,RU
3903,Rio_Branco,-9.957467,-67.86935,212.0,Af,South America,BR
4640,Niabrara,42.764833,-100.02,730.0,Dfa,North America,US
4643,Sigma_Space_Corp,38.953,-76.836472,44.8,Cfa,North America,US
4662,Gorongosa,-18.978417,34.35075,30.0,Aw,Africa,MZ
4716,Bayfordbury,51.77632,-0.09624,75.0,Cfb,Europe,GB
4747,Rome_Tor_Vergata,41.83955,12.647333,130.0,Csb,Europe,IT
5266,Ersa,43.003669,9.359289,80.0,Csb,Europe,FR
5397,Helsinki_Lighthouse,59.94897,24.92636,20.0,Dfb,Europe,FI
5418,Venise,45.3139,12.5083,10.0,Cfa,Europe,IT
6821,Aubiere_LAMP,45.76096,3.111072,423.0,Cfb,Europe,FR
6916,Concepcion,-16.138167,-62.028,500.0,Aw,South America,BO
7042,Langtang,28.012233,85.492517,3670.0,Cwb,Asia,NP
7046,Montesoro_Bastia,42.671983,9.43505,49.9,Csb,Europe,FR
7049,Gustav_Dalen_Tower,58.59417,17.46683,25.0,Cfb,Europe,SE
7096,Muscat,23.606383,58.435667,22.0,BWh,Asia,OM
7106,DRAGON_Aldino,39.563433,-76.203932,127.0,Cfa,North America,US
7135,Toravere,58.264895,26.466823,85.0,Dfc,Europe,EE
7240,FLIN_FLON,54.669998,-101.690002,305.0,Dfc,North America,CA
7262,Pontianak,0.07538,109.19086,2.0,Af,Asia,ID
7375,Churchill,58.736,-93.818167,10.0,Dfc,North America,CA
7496,DRAGON_BLTNR,39.2156,-76.6186,50.0,Cfa,North America,US
7520,Ilorin,8.4841,4.6745,400.0,Aw,Africa,NG
12326,SEARCH-Yorkville,33.92833,-85.04555,394.0,Cfa,North America,US
12346,Hampton_University,37.0204,-76.3365,12.12,Cfa,North America,US
12416,Aire_Adour,43.7,0.25,80.0,Cfb,Europe,FR
12419,KONZA_EDC,39.102328,-96.6096,341.0,Cfa,North America,US
12595,IHOP-Homestead,36.558333,-100.606183,850.0,BSk,North America,US
12596,Yonsei_University,37.56443,126.93479,97.0,Dwa,Asia,KR
14296,Leland_HS,33.402128,-90.89285,37.0,Cfa,North America,US
14336,Lampedusa,35.516667,12.631667,45.0,BSh,Europe,IT
14669,Carloforte,39.139908,8.309875,15.0,Csa,Europe,IT
14682,Berlin_FUB,52.4575,13.310333,80.0,Cfb,Europe,DE
14720,Dalanzadgad,43.577222,104.419167,1470.0,BWk,Asia,MN
14786,UAHuntsville,34.72533,-86.64473,223.0,Cfa,North America,US
14870,Bidur,27.8955,85.140096,576.0,Cwb,Asia,NP
15116,DRAGON_Channel_View,29.8025,-95.125556,10.0,Cfa,North America,US
15128,Key_Biscayne2,25.731966,-80.16333,0.0,Aw,North America,US
15142,Mukdahan,16.606667,104.676111,166.0,Aw,Asia,TH
16223,SAGRES,37.047706,-8.873517,26.0,Csb,Europe,PT
16244,Kashi,39.5043,75.9304,1320.0,BWk,Asia,CN
16253,Howland,45.2041,-68.7402,120.0,Dfb,North America,US
16307,DRAGON_West_Houston,29.833056,-95.656944,34.0,Cfa,North America,US
16326,ETNA,37.6135,15.019433,736.0,Csa,Europe,IT
16375,DRAGON_Henties_6,-22.166667,14.430668,80.0,BWk,Africa,NA
16381,Hong_Kong_Sheung,22.4833,114.1166,40.0,Cwa,Asia,CN
16598,Chequamegon,45.933333,-90.25,485.0,Dfb,North America,US
16611,LSU,30.406778,-91.183883,15.0,Cfa,North America,US
16613,Mongu,-15.253611,23.150833,1047.0,Aw,Africa,ZM
18171,Rame_Head,50.317132,-4.219809,105.0,Cfb,Europe,GB
18193,Norfolk_State_Univ,36.848,-76.259,20.0,Cfa,North America,US
18266,DRAGON_Clinton,29.733611,-95.2575,10.0,Cfa,North America,US
18277,Rome_La_Sapienza,41.901695,12.515773,75.0,Csb,Europe,IT
18359,Los_Fieros,-14.55,-60.616667,734.0,Aw,South America,BO
18404,Metsi,-26.490781,27.132408,1404.0,Cwb,Africa,ZA
18405,Caceres,39.478583,-6.343467,397.0,Csa,Europe,ES
18478,DRAGON_Mt_Rokko,34.757,135.23,797.0,Cfa,Asia,JP
18494,NSPO_Taiwan,24.783995,121.001122,99.0,Cfa,Asia,TW
18714,USC_SEAPRISM_2,33.56371,-118.11782,31.0,BSk,North America,US
18716,Beijing_RADI,40.0048,116.3786,59.0,Dwa,Asia,CN
18931,CEILAP-Comodoro,-45.792153,-67.462875,49.0,BSk,South America,AR
18935,Ji_Parana_UNIR,-10.882212,-61.9686,175.0,Aw,South America,BR
19004,Tucson,32.233002,-110.953003,779.0,BSh,North America,US
19068,Nicosia,35.140628,33.381353,181.0,Csa,Asia,CY
19210,Bandung,-6.888417,107.61,826.0,Am,Asia,ID
19738,NEON_ORNL,35.964128,-84.282588,344.0,Cfa,North America,US
19805,Zaragoza,41.6334,-0.88235,250.0,BSk,Europe,ES
19908,Bhola,22.226675,90.756415,7.0,Am,Asia,BD
23022,Doi_Inthanon,18.59,98.485556,2565.0,Aw,Asia,TH
23030,Harvard_Forest,42.532,-72.188,339.0,Dfb,North America,US
23072,Railroad_Valley2,38.497,-115.691,1437.0,BSk,North America,US
23095,Bangkok,13.7491,100.5177,57.1,Aw,Asia,TH
23401,DRAGON_Osaka-North,34.774,135.51,50.0,Cfa,Asia,JP
23447,Chulalongkorn,13.736111,100.530278,115.0,Aw,Asia,TH
23520,Irbe_Lighthouse,57.75092,21.72297,38.0,Cfb,Europe,LV
23525,Calern_OCA,43.752207,6.923153,1270.0,Csb,Europe,FR
23538,Ellington_Field,29.6,-95.18,25.0,Cfa,North America,US
23539,IMC_Oristano,39.91,8.5,10.0,Csa,Europe,IT
23624,SMHI,58.58,16.15,33.0,Dfb,Europe,SE
23625,London-CDN,43.008,-81.27,258.0,Dfb,North America,CA
23639,Glasgow_MO,55.9068,-4.53122,59.0,Cfb,Europe,GB
23646,ICIPE-Mbita,-0.431525,34.206062,1152.0,Af,Africa,KE
23742,Calipso_Strasburg,39.934467,-76.2193,131.0,Cfa,North America,US
23745,DRAGON_Kobe,34.72,135.291,20.0,Cfa,Asia,JP
23858,DRAGON_Iida,35.516667,137.842199,490.0,Dfb,Asia,JP
23885,NEON_TOOL,68.661089,-149.370469,843.0,ET,North America,US
23890,COVE_SEAPRISM,36.9,-75.71,24.0,Cfa,nan,nan
24178,Pantanal,-16.3955,-56.621833,140.0,Aw,South America,BR
24179,TABLE_MOUNTAIN_CA,34.38,-117.68,2200.0,Csa,North America,US
24215,Saih_Salam,24.829467,55.312783,84.0,BWh,Asia,AE
24519,Sable_Island,43.933,-60.01,3.0,Dfb,North America,CA
24520,Itajuba,-22.41325,-45.452389,856.0,Cwb,South America,BR
24570,Bukit_Kototabang,-0.20194,100.31805,864.5,Cfb,Asia,ID
24596,Fukuoka,33.524,130.475,30.0,Cfa,Asia,JP
25241,NEON_BONA,65.154033,-147.502583,263.0,Dfc,North America,US
25254,Los_Alamos,35.873583,-106.326067,2290.0,Cfa,North America,US
25256,DRAGON_ANNEA,39.1647,-76.6247,30.0,Cfa,North America,US
25297,Poprad-Ganovce,49.035,20.322,706.0,Dfc,Europe,SK
25349,NEON_ONAQ,40.177589,-112.452439,1656.0,Dfa,North America,US
25464,Fontainebleau,48.406667,2.680278,85.0,Cfb,Europe,FR
25538,Ragged_Point,13.165018,-59.432035,40.0,Af,North America,BB
25629,Cape_San_Juan,18.3845,-65.6199,15.0,Af,North America,US
25745,WaveCIS_Site_CSI_6,28.866667,-90.483333,33.581,Cfa,North America,US
25892,Payerne,46.812408,6.942019,491.0,Cfb,Europe,CH
25911,Zinder_Airport,13.776683,8.990233,456.0,BSh,Africa,NE
28070,Nes_Ziona,31.9225,34.789167,40.0,Csa,Asia,IL
28724,DRAGON_BLTCC,39.362201,-76.688429,120.0,Cfa,North America,US
28738,Univ_of_Houston,29.7177,-95.3416,65.0,Cfa,North America,US
28924,EastMalling_MO,51.29,0.44,33.0,Cfb,Europe,GB
28945,NEON_MOAB,38.248331,-109.388269,1799.0,Dfb,North America,US
28982,Inhaca,-26.040583,32.905,73.5,BSh,Africa,MZ
28994,Meridian_DEQ,43.600697,-116.347989,808.0,Csa,North America,US
29252,DRAGON_ARNLS,39.058488,-76.512926,12.0,Cfa,North America,US
29262,Calipso_Zion,39.932389,-76.199,120.0,Cfa,North America,US
29307,Sevastopol,44.615833,33.517333,80.0,Cfb,Europe,UA
29497,Silpakorn_Univ,13.819308,100.041183,72.0,Aw,Asia,TH
32646,Key_Biscayne,25.731966,-80.16333,10.0,Aw,North America,US
32672,QOMS_CAS,28.365,86.948056,4276.0,EF,Asia,CN
32673,Pune,18.537255,73.805491,595.0,Aw,Asia,IN
35613,Debrzyna_PULS,53.7825,16.592157,158.0,Cfb,Europe,PL
35621,VirginiaTech,37.230775,-80.424681,690.0,Cfa,North America,US
35624,NCU_Taiwan,24.967662,121.187508,171.0,Cfa,Asia,TW
36034,Camborne_MO,50.21782,-5.32656,87.0,Cfb,Europe,GB
36041,Kuwait_Airport,29.242,47.972,56.0,BWh,Asia,KW
36081,Xanthi,41.146767,24.91895,54.0,Cfb,Europe,GR
36097,DRAGON_UH_W_Liberty,30.0583,-94.9781,24.0,Cfa,North America,US
36114,Rhyl_MO,53.25929,-3.50859,77.0,Cfb,Europe,GB
36130,LAQUILA_Coppito,42.368386,13.350636,656.0,Csb,Europe,IT
36183,DRAGON_Kunsan_NU,35.941072,126.683008,32.0,Cfa,Asia,KR
36202,Kaashidhoo,4.965,73.466,10.0,Aw,Asia,MV
36249,UH_Sugarland,29.574167,-95.652,22.0,Cfa,North America,US
36256,White_Sands_HELSTF,32.634942,-106.338072,1207.24,BSk,North America,US
36357,Issyk-Kul,42.622778,76.983056,1650.0,ET,Asia,KG
36371,Porto_Velho_UNIR,-8.837083,-63.939983,129.0,Am,South America,BR
36380,Loftus_MO,54.5627,-0.861733,159.0,Cfb,Europe,GB
36386,Kyiv,50.363611,30.496667,200.0,Dfb,Europe,UA
36801,SMEX,41.936,-93.664,316.0,Dfa,North America,US
36824,KORUS_Baeksa,37.41156,127.5691,64.0,Dwa,Asia,KR
36855,DRAGON_Henties_5,-22.091667,14.399573,90.0,BWk,Africa,NA
36859,Niassa,-12.15512,37.56656,510.0,Aw,Africa,MZ
36917,Appalachian_State,36.2146,-81.6938,1080.0,Cfb,North America,US
36980,CEILAP-Neuquen,-38.95222,-68.13666,271.0,BWk,South America,AR
36987,DRAGON_CLRST,39.20541,-76.94445,140.0,Cfa,North America,US
37022,Easton-MDE,38.794972,-76.08425,4.5,Cfa,North America,US
37075,Omkoi,17.798333,98.431667,1120.0,Cwa,Asia,TH
37649,UEM_Maputo,-25.949667,32.598833,59.2,Aw,Africa,MZ
37806,Oyster,37.295044,-75.933192,8.7,Cfa,North America,US
37885,DRAGON_MNKTN,39.572926,-76.652318,182.0,Cfa,North America,US
37902,Table_Mountain,40.125,-105.237,1689.0,BSk,North America,US
37911,Leipzig,51.3525,12.435278,125.0,Cfb,Europe,DE
38316,DRAGON_Mokpo_NU,34.91342,126.43736,26.0,Cfa,Asia,KR
38393,Hart_Miller_Island,39.2419,-76.3628,5.0,Cfa,North America,US
38398,Sirmione_Museo_GC,45.500278,10.605833,86.5,Cfa,Europe,IT
38584,DRAGON_Fukue_3,32.6,128.745,12.0,Cfa,Asia,JP
38590,U_of_Wisconsin_SSEC,43.072492,-89.411354,330.0,Dfa,North America,US
38681,Badajoz,38.882808,-7.01082,186.0,Csa,Europe,ES
38758,ARM_Oliktok_AK,70.4995,-149.88,2.0,ET,North America,US
38766,DRAGON_Suwa,36.045556,138.108754,766.0,Cfa,Asia,JP
38772,Dakar_Belair,14.7017,-17.4256,15.0,BSh,Africa,SN
39366,Jaru_Reserve,-10.083333,-61.933333,162.0,Aw,South America,BR
39420,Dongsha_Island,20.698556,116.728833,5.0,Cfa,Asia,TW
39700,Ouarzazate,30.928367,-6.912867,1136.0,BWk,Africa,MA
39843,Mount_Wilson,34.2247,-118.0559,1710.0,Csb,North America,US
39849,SEARCH-Centreville,32.90289,-87.24968,126.0,Cfa,North America,US
39889,Cap_d_En_Font,39.825722,4.208167,10.0,Csb,Europe,ES
39895,Korea_University,37.58514,127.02507,65.4,Dwa,Asia,KR
39921,DRAGON_Guwol,37.44967,126.72403,38.5,Dwa,Asia,KR
40040,Pretoria_CSIR-DPSS,-25.756611,28.279722,1449.0,Cwb,Africa,ZA
40369,NEON_UNDE,46.233881,-89.53725,520.0,Dfb,North America,US
40468,Taihu,31.421,120.215333,20.0,Cfa,Asia,CN
41927,Bac_Lieu,9.28,105.73,10.0,Aw,Asia,VN
42162,Cart_Site,36.60667,-97.48639,318.0,Cfa,North America,US
42426,Vientiane,17.99228,102.569642,170.0,Aw,Asia,LA
42720,Taylor_Ranch_TWRS,45.1035,-114.84995,1159.0,Dfb,North America,US
42736,ARM_Manacapuru,-3.212972,-60.598056,49.99,Af,South America,BR
42802,Evora,38.567833,-7.9115,293.0,Csa,Europe,PT
43133,Bahrain,26.20805,50.609267,25.0,BWh,Asia,BH
43786,Watnall_MO,53.005652,-1.250958,120.0,Cfb,Europe,GB
43803,NEON_TEAK,37.005831,-119.006019,2147.0,Csb,North America,US
43858,NEON_YELL,44.95348,-110.53914,2116.0,Dfc,North America,US
43874,KORUS_UNIST_Ulsan,35.5819,129.1897,106.0,Cfa,Asia,KR
44211,Oukaimeden,31.208793,-7.864486,2762.0,Csb,Africa,MA
44212,Elandsfontein,-26.245342,29.417572,1740.0,Cwb,Africa,ZA
44241,Campo_Grande_SONDA,-20.438617,-54.538742,677.0,Aw,South America,BR
44554,Mezaira,23.10452,53.75466,201.0,BWh,Asia,AE
47697,Bach_Long_Vy,20.133321,107.733339,5.0,Cwa,Asia,VN
47828,Uberlandia,-18.9,-48.28333,864.0,Aw,South America,BR
47849,Zambezi,-13.533167,23.107194,1073.0,Cwa,Africa,ZM
47901,Brussels,50.783332,4.35,120.0,Cfb,Europe,BE
48153,Yuma,32.644138,-114.58278,63.0,BWh,North America,US
48202,FORTH_CRETE,35.332694,25.282417,20.0,Csa,Europe,GR
48443,Makassar,-4.99768,119.57227,16.0,Am,Asia,ID
48512,Simonstown_IMT,-34.19272,18.44567,27.0,Csb,Africa,ZA
48516,DRAGON_Corcoran,36.10222,-119.56583,55.0,BSk,North America,US
48520,Smith_Island_CBF,37.969183,-76.02385,12.0,Cfa,North America,US
48521,Sir_Bu_Nuair,25.217825,54.231269,10.0,BWh,Asia,AE
48637,DRAGON_Tsukuba,36.050556,140.120278,30.0,Cfa,Asia,JP
48664,Cascade_Airport,44.495286,-116.016825,1447.0,Dsb,North America,US
48716,CCNY,40.821313,-73.949036,100.0,Cfa,North America,US
48830,Palaiseau,48.7116,2.215,156.0,Cfb,Europe,FR
49209,Vienna_UNIVIE,48.221667,16.355833,225.0,Cfb,Europe,AT
49226,DRAGON_Fukuoka,33.524,130.475,30.0,Cfa,Asia,JP
49267,Douliu,23.7117,120.5448,60.0,Cwa,Asia,TW
49500,DRAGON_FairHill,39.701435,-75.860059,117.0,Cfa,North America,US
49538,PEARL,80.053611,-86.416944,615.0,ET,North America,CA
49539,Mussafa,24.371667,54.466667,10.0,BWh,Asia,AE
50820,DRAGON_Aldine,29.901037,-95.326125,20.0,Cfa,North America,US
50826,Dhaka_University,23.72839,90.39819,34.0,Aw,Asia,BD
52887,Hua_Hin,12.634444,99.951111,1.0,Aw,Asia,TH
52947,Pusan_NU,35.235354,129.082493,78.0,Cwa,Asia,KR
53142,Andros_Island,24.7,-77.8,7.0,Aw,North America,BS
53150,Trinidad_Head,41.05392,-124.15102,105.0,Csb,North America,US
53184,Manaus_EMBRAPA,-2.890528,-59.969778,115.0,Am,South America,BR
53304,DRAGON_Platteville,40.182765,-104.7261,1523.0,BSk,North America,US
53306,Cuiaba,-15.555244,-56.070214,234.0,Aw,South America,BR
53445,NSA_YJP_BOREAS,55.903,-98.290001,290.0,Dfc,North America,CA
53458,Seysses,43.503333,1.259722,179.0,Cfb,Europe,FR
53473,DRAGON_Kohriyama,37.361042,140.3829,230.0,Cfa,Asia,JP
53480,BackGarden_GZ,23.296,113.021,16.0,Cfa,Asia,CN
53487,Kuopio,62.892414,27.633606,105.0,Dfc,Europe,FI
53513,DRAGON_Osaka_Center,34.668477,135.530894,30.0,Cfa,Asia,JP
53534,Ames,42.021361,-93.774778,338.0,Dfa,North America,US
53750,SP-EACH,-23.48163,-46.49967,754.0,Cfb,South America,BR
53898,Corcoran,36.10343,-119.5661,110.0,BSk,North America,US
53993,Lamezia_Terme,38.8764,16.2321,8.0,Csa,Europe,IT
54078,Palma_de_Mallorca,39.5533,2.6251,10.0,Csb,Europe,ES
54298,Barrow,71.3122,-156.665,8.0,ET,North America,US
54305,Calipso_Loudon_Rd,39.938933,-77.788517,201.0,Cfa,North America,US
54307,NEON_KONZ,39.10077,-96.56309,415.0,Cfa,North America,US
54473,DMN_Maine_Soroa,13.216717,12.023067,350.0,BWh,Africa,NE
55038,Nicelli_Airport,45.426444,12.382417,13.0,Cfa,Europe,IT
55048,DRAGON_Gwangju_GIST,35.228278,126.843139,52.0,Cfa,Asia,KR
55121,AOE_Baotou,40.8517,109.6288,1314.0,BSk,Asia,CN
55136,Kaoma,-14.792667,24.794833,1179.0,Cwa,Africa,ZM
55162,Windhoek-NUST,-22.56591,17.07304,1676.0,BSh,Africa,NA
55164,EPA-Res_Triangle_Pk,35.88,-78.87,109.0,Cfa,North America,US
55201,Zeebrugge-MOW1,51.362,3.12,15.0,Cfb,Europe,BE
55212,NEON_WREF,45.820488,-121.951912,407.0,Csb,North America,US
55288,Helgoland,54.177861,7.887361,33.0,Cfb,Europe,DE
55364,Kandahar,31.508611,65.847778,1007.0,BSh,Asia,AF
55396,DRAGON_KampungBharu,5.341589,100.463158,10.0,Af,Asia,MY
55397,Halifax,44.638,-63.594,65.0,Dfb,North America,CA
55533,Bure_OPE,48.5625,5.505,393.0,Cfb,Europe,FR
55587,Malaga,36.715242,-4.478153,56.0,Csa,Europe,ES
55776,NEON_DEJU,63.881119,-145.751361,529.0,Dsc,North America,US
55779,Ouagadougou,12.42413,-1.48723,302.0,BSh,Africa,BF
57229,Laegeren,47.478349,8.364352,763.0,Cfb,Europe,CH
57249,Le_Fauga,43.38423,1.2846,193.0,Cfb,Europe,FR
57330,Qena_SVU,26.199924,32.747029,75.7,BWh,Africa,EG
57536,PNNL,46.34095,-119.2788,127.0,BWk,North America,US
57717,DRAGON_NIER,37.56893,126.63971,26.9,Dwa,Asia,KR
57827,Vienna_BOKU,48.237861,16.331611,266.0,Cfb,Europe,AT
57899,KAUST_Campus,22.304833,39.102833,11.2,BWh,Asia,SA
61690,Dhabi,24.480556,54.382778,15.0,BWh,Asia,AE
62379,Etosha_Pan,-19.175017,15.914383,1131.0,BSh,Africa,NA
62468,Bethlehem,-28.248333,28.333333,1709.0,Cwb,Africa,ZA
62494,Chinhae,35.1558,128.652433,69.0,Cwa,Asia,KR
62498,Cape_Romain,32.941,-79.6572,4.0,Cfa,North America,US
62505,Osaka,34.650933,135.590633,50.0,Cfa,Asia,JP
63336,Zvenigorod,55.695,36.775,200.0,Dfb,Europe,RU
63447,Thule,76.516102,-68.769001,225.0,ET,North America,GL
63450,DRAGON_Henties_4,-22.020278,14.345504,100.0,BWk,Africa,NA
63459,Alishan,23.50844,120.81341,2416.0,Cwa,Asia,TW
63463,UNC-Palmira,3.512295,-76.30761,1065.2,As,South America,CO
63466,DRAGON_Osaka-South,34.5435,135.503867,30.0,Cfa,Asia,JP
63506,MISR-JPL,34.199,-118.17439,367.0,Csb,North America,US
63528,Maricopa,33.069023,-111.972298,360.0,BWh,North America,US
63541,EPA-NCU,24.967533,121.185483,144.0,Cfa,Asia,TW
64604,Barcelona,41.38925,2.11206,125.0,Cfa,Europe,ES
64906,NEON_SERC,38.890117,-76.560017,9.7536,Cfa,North America,US
64929,CAMPO_VERDE,-15.561667,-55.175,745.0,Aw,South America,BR
64934,Apulian_Tavoliere,41.46084,15.5016,90.0,Csa,Europe,IT
64986,Gosan_SNU,33.292222,126.161667,72.0,Cfa,Asia,KR
65535,Bucharest_Inoe,44.348311,26.02805,89.0,Cfa,Europe,RO
65947,DRAGON_Essex,39.310943,-76.474486,12.0,Cfa,North America,US
65966,Boyd_County_MS,38.427461,-82.700033,207.0,Cfa,North America,US
65976,Mongu_Inn,-15.266667,23.134333,1040.0,Aw,Africa,ZM
67632,Mwinilunga,-11.74,24.430667,1375.0,Cwa,Africa,ZM
67738,Kolimbari,35.533333,23.783333,22.0,Csa,Europe,GR
67743,Nairobi,-1.338882,36.8653,1650.0,Cwb,Africa,KE
67744,Rossfeld,48.335139,7.62475,167.0,Cfb,Europe,FR
67760,Tomsk_22,56.417,84.074,80.0,Dfc,Europe,RU
67925,DRAGON_NW_Harris_CO,30.039444,-95.673889,51.0,Cfa,North America,US
67926,Tahir,5.411,100.1967,37.0,Af,Asia,MY
67931,Cordoba-CETT,-31.524075,-64.463682,730.0,Cwa,South America,AR
67961,Realtor,43.48555,5.383817,125.0,Csa,Europe,FR
67968,Portglenone_MO,54.865,-6.457,64.0,Cfb,Europe,GB
67978,Kobe,34.72,135.291,20.0,Cfa,Asia,JP
67982,DRAGON_Parlier,36.59744,-119.50369,104.0,BSk,North America,US
67993,DRAGON_Takayama,36.252778,137.3045,1296.0,Dfa,Asia,JP
67995,Gwangju_GIST,35.228278,126.843139,52.0,Cfa,Asia,KR
69214,ATHENS-NOA,37.9721,23.718,130.0,Csa,Europe,GR
69672,SANTA_CRUZ_UTEPSA,-17.767325,-63.200961,432.0,Af,South America,BO
70242,Lochiel,49.028,-122.602,86.0,Cfb,North America,CA
70243,La_Parguera,17.97045,-67.045383,12.4,Am,North America,US
70546,Iasi_LOASL,47.193056,27.555556,175.0,Cfb,Europe,RO
70715,Monterey,36.59255,-121.854867,50.0,Csb,North America,US
70854,DRAGON_Beltsville,39.054091,-76.877491,53.0,Cfa,North America,US
70864,Sevilleta,34.354721,-106.885002,1477.0,BSk,North America,US
71019,Singapore,1.297667,103.780383,30.0,Af,Asia,SG
71434,Dunkerque,51.03535,2.368117,5.0,Cfb,Europe,FR
71723,DRAGON_Bakersfield,35.331506,-119.000008,50.0,BWh,North America,US
71738,BSRN_BAO_Boulder,40.045183,-105.006033,1604.0,BSk,North America,US
71769,Noto,37.334444,137.136944,200.0,Cfa,Asia,JP
72060,NEON_Harvard,42.5369,-72.172661,348.0,Dfb,North America,US
72108,Abu_Al_Bukhoosh,25.495,53.145833,24.5,BWh,nan,nan
72212,Santiago,-33.489633,-70.717033,510.0,Csb,South America,CL
72224,DRAGON_Hakuba,36.700556,137.864134,703.0,Dfc,Asia,JP
72226,Lunar_Lake,38.390083,-115.988383,1749.0,BSk,North America,US
72227,SSA_YJP_BOREAS,53.674999,-104.650002,490.0,Dfc,North America,CA
72231,Amazon_ATTO_Tower,-2.144117,-58.999867,210.0,Af,South America,BR
72263,Madrid,40.4519,-3.72395,680.0,BSk,Europe,ES
72364,Jambi,-1.632445,103.641563,30.0,Af,Asia,ID
72461,Resolute_Bay,74.705123,-94.969409,35.0,ET,North America,CA
72465,USM_Penang,5.35838,100.30231,51.0,Af,Asia,MY
72784,Pafos,34.71111,32.48333,10.0,Csa,Asia,CY
72793,Bujumbura,-3.38,29.383833,863.0,Aw,Africa,BI
72974,Lake_Okeechobee_N,27.139117,-80.788803,10.0,Cfa,North America,US
72976,Burjassot,39.507,-0.4202,104.0,BSk,Europe,ES
73293,Tucuman,-26.787153,-65.206697,481.0,Cwa,South America,AR
73301,Calipso_Tuckahoe,38.979173,-75.932939,6.0,Cfa,North America,US
73303,Eforie,44.075,28.632222,40.0,Cfa,Europe,RO
73453,Shelton,40.750064,-98.760286,616.0,Dfa,North America,US
73467,Lumbini,27.49,83.28,110.0,Cwa,Asia,NP
75030,Teide,28.27,-16.639,3555.0,Csb,Europe,ES
75033,Caldwell_Parish_HS,32.060303,-92.096277,50.0,Cfa,North America,US
75044,T0_MAX_MEX,19.489944,-99.1485,2257.0,Cwb,North America,MX
75063,Kuujjuarapik,55.28,-77.76,20.0,Dfc,North America,CA
75081,Martova,49.936,36.953,120.0,Dfb,Europe,UA
75082,Tenosique,17.4875,-91.425556,20.0,Am,North America,MX
75220,NEON-Disney,28.125039,-81.4362,19.0,Cfa,North America,US
75225,Sodankyla,67.36662,26.62957,184.0,Dfc,Europe,FI
75232,Zhangye,39.078889,100.275556,1461.0,BWk,Asia,CN
75256,Narsarsuaq,61.155952,-45.419379,75.0,ET,North America,GL
75263,DRAGON_Henties_1,-22.052222,14.295125,60.0,BWk,Africa,NA
75267,UPC-GEAB-Valledupar,9.5596,-73.3293,157.0,Am,South America,CO
75415,Mexico_City,19.333611,-99.181667,2268.0,Cwb,North America,MX
76099,NEON_Sterling,40.461903,-103.029297,1372.0,BSk,North America,US
76226,Mainz,49.999,8.3,150.0,Cfb,Europe,DE
76495,Ubon_Ratchathani,15.245518,104.871011,120.0,Aw,Asia,TH
77867,Quito_USFQ,-0.196244,-78.435589,2414.0,ET,South America,EC
77869,Mobile_S_050608,26.12513,80.53282,103.0,Cwa,Asia,IN
77870,MCO-Hanimaadhoo,6.77635,73.183183,13.0,Am,Asia,MV
78876,Fowlers_Gap,-31.0863,141.70082,181.0,BWh,Oceania,AU
78899,Munich_University,48.148,11.573,533.0,Cfb,Europe,DE
79040,Pioneer_JC,1.384333,103.754528,25.0,Af,Asia,SG
79057,NEON_NOGP,46.769719,-100.91535,578.0,Dfb,North America,US
79236,DRAGON_SHADY,38.840658,-76.506108,3.0,Cfa,North America,US
79254,NEON_LENO,31.853881,-88.161219,43.0,Cfa,North America,US
79298,Porquerolles,43.001389,6.161389,22.0,Csb,Europe,FR
79321,Irkutsk,51.799797,103.086644,670.0,Dwc,Europe,RU
79391,Chilbolton,51.14446,-1.43698,88.0,Cfb,Europe,GB
79581,IMPROVE-MammothCave,37.1318,-86.1479,235.0,Cfa,North America,US
79623,ASI_Malindi,-2.996,40.1945,12.0,As,Africa,KE
79674,Palangkaraya,-2.22799,113.94624,27.0,Af,Asia,ID
79832,Bordj_Badji_Mokhtar,21.38,0.92,420.0,BWh,Africa,DZ
79876,Hamburg,53.568333,9.973333,120.0,Cfb,Europe,DE
80045,NEON_SRER,31.910681,-110.835489,983.0,Csa,North America,US
80050,Tremiti,42.117965,15.490115,40.0,Csa,Europe,IT
80054,Durban_UKZN,-29.817233,30.944011,205.0,Cfb,Africa,ZA
80167,DRAGON_EaglePoint,39.397778,-76.27,4.0,Cfa,North America,US
80175,Dhadnah,25.512817,56.324717,81.0,BWh,Asia,AE
81773,Karunya_University,10.9353,76.7441,478.0,Aw,Asia,IN
82288,TOULOUSE,43.561944,1.476389,150.0,Cfb,Europe,FR
82289,Porto_Nacional,-10.7,-48.41,210.0,Aw,South America,BR
82294,Autilla,41.997222,-4.603056,873.0,Csb,Europe,ES
82321,Chiang_Mai,18.813333,98.986944,324.0,Aw,Asia,TH
82370,Hong_Kong_Hok_Tsui,22.2097,114.258,80.0,Cwa,Asia,CN
82593,Bari_University,41.108327,16.883983,12.0,Csa,Europe,IT
82663,Red_River_Delta,20.72853,106.1277,4.0,Cwa,Asia,VN
82674,Gozo,36.034139,14.264694,111.0,Csa,Europe,MT
82860,KITcube_Masada,31.322547,35.372297,-350.0,BSh,Asia,IL
82888,Iqaluit,63.747575,-68.542997,15.0,ET,North America,CA
82896,DRAGON_BTMDL,39.238826,-76.441601,5.0,Cfa,North America,US
82902,Oxford,51.759,-1.256,87.0,Cfb,Europe,GB
82912,Karachi,24.94574,67.13594,49.0,BWh,Asia,PK
84887,Carpentras,44.083333,5.058333,107.0,Cfb,Europe,FR
85278,UNC-Gaitan,4.31068,-72.3518,192.0,Af,South America,CO
85300,Cape_Fuguei_Station,25.297452,121.537859,40.0,Cfa,Asia,TW
85614,Wallops_ACHIEVE,37.933486,-75.471,13.5,Cfa,North America,US
85617,IIT_Delhi,28.545,77.1926,15.0,BSh,Asia,IN
86168,Croisic_UTLN,47.293606,-2.5134,6.0,Cfb,Europe,FR
86171,DRAGON_Anmyeon,36.53863,126.33002,58.6,Cwa,Asia,KR
86237,Huelva,37.0163,-6.5687,25.0,Csa,Europe,ES
86320,THALA,35.55,8.683333,1091.0,BSk,Africa,TN
86366,AAOT,45.3139,12.5083,10.0,Cfa,Europe,IT
86533,Oujda,34.65331,-1.89846,620.0,Csa,Africa,MA
86693,Lille,50.611667,3.141667,60.0,Cfb,Europe,FR
87256,Shagaya_Park,29.209072,47.060528,242.0,BWh,Asia,KW
88960,CARTEL,45.379754,-71.93133,251.0,Dfb,North America,CA
89102,DRAGON_CPSDN,39.110656,-76.462915,24.0,Cfa,North America,US
89107,Rio_de_Janeiro_UFRJ,-22.857306,-43.233806,21.0,Am,South America,BR
89115,Dunhuang_LZU,40.49237,94.95503,1061.0,BWk,Asia,CN
89141,Solar_Village,24.906933,46.397286,764.0,BWh,Asia,SA
93514,DRAGON_FLLST,39.522366,-76.413318,151.0,Cfa,North America,US
93541,Tuxtla_Gutierrez,16.754722,-93.152222,590.0,Aw,North America,MX
93863,Zhongshan_Univ,23.06,113.39,27.0,Cfa,Asia,CN
93864,Karlsruhe,49.0933,8.4279,140.0,Cfb,Europe,DE
94054,Taipei_CWB,25.014683,121.53837,26.0,Cfa,Asia,TW
94920,Moldova,47.0008,28.8156,205.0,Dfb,Europe,MD
95625,UCLA,34.069605,-118.442752,131.0,Csb,North America,US
95676,Solwezi,-12.170667,26.363333,1390.0,Cwa,Africa,ZM
95740,Baneasa,44.511333,26.077806,127.0,Cfa,Europe,RO
95748,Ahmedabad,23.016667,72.516667,55.0,BSh,Asia,IN
95763,Penn_State_Univ,40.7421,-78.0809,401.0,Dfb,North America,US
95772,Belterra,-2.648483,-54.95165,132.0,Am,South America,BR
95862,Santiago_Beauchef,-33.457222,-70.661666,560.0,Csb,South America,CL
96051,Helsinki,60.203733,24.96065,52.8,Dfb,Europe,FI
96084,DRAGON_CLLGP,38.9911,-76.9086,65.0,Cfa,North America,US
96133,DRAGON_BLDND,39.258315,-76.519504,11.0,Cfa,North America,US
96168,Rio_Piedras,18.40185,-66.051483,30.0,Af,North America,US
96171,SERC,38.888901,-76.555795,36.5,Cfa,North America,US
96736,Tamanrasset_INM,22.79,5.53,1377.0,BWh,Africa,DZ
98258,Sao_Martinho_SONDA,-29.443333,-53.823444,489.0,Cfa,South America,BR
98290,DRAGON_UMRLB,38.891262,-76.814106,44.0,Cfa,North America,US
98306,Chapais,49.822433,-74.9754,373.44,Dfc,North America,CA
98343,CRPSM_Malindi,-2.996,40.1945,12.0,As,Africa,KE
98424,DRAGON_Sinjeong,37.52341,126.85863,27.1,Dwa,Asia,KR
98488,DRAGON_Drummond,36.70556,-119.74139,90.0,BSk,North America,US
98489,Eilat,29.5025,34.9175,15.0,BWh,Asia,IL
99443,Appledore_Island,42.987064,-70.615361,35.0,Dfb,North America,US
99452,IIT_KGP_EXT_Kolkata,22.574,88.418,10.0,Aw,Asia,IN
99529,OHP_OBSERVATOIRE,43.935,5.71,680.0,Csa,Europe,FR
99647,Thessaloniki,40.63,22.96,60.0,Csa,Europe,GR
101207,Bolzano,46.4569,11.33,262.0,Cfb,Europe,IT
101213,Camaguey,21.4223,-77.8499,122.0,Aw,North America,CU
101294,DRAGON_St_Johns_Is,1.21795,103.849615,15.0,Af,Asia,SG
101305,Soverato_IMAA,38.689444,16.545278,40.0,Csa,Europe,IT
101325,Medellin,6.260672,-75.577914,1471.0,Am,South America,CO
101339,Nong_Khai,17.8772,102.71671,175.0,Aw,Asia,TH
102400,Cagliari,39.281,9.052333,10.0,Csa,Europe,IT
102405,Lake_Erie,41.8256,-83.1936,173.5,Dfa,North America,US
102419,Bonanza,-21.825556,19.590278,1382.0,BSh,Africa,NA
102614,NEON_UKFS,39.040431,-95.19215,321.0,Cfa,North America,US
102704,COVE,36.9,-75.71,37.0,Cfa,nan,nan
103115,DRAGON_BLTIM,39.263145,-76.651066,17.0,Cfa,North America,US
103124,NEON_RMNP,40.2759,-105.545972,2750.0,Dfc,North America,US
103148,DRAGON_Deer_Park,29.670046,-95.128485,10.0,Cfa,North America,US
103160,Rochester,43.2337,-77.5864,107.0,Dfa,North America,US
103165,Zinder_DMN,13.775417,8.9841,460.0,BSh,Africa,NE
103321,ARM_Nainital,29.35883,79.45827,1943.0,Cwa,Asia,IN
103340,SEDE_BOKER,30.855,34.782222,480.0,BSh,Asia,IL
104611,Sioux_Falls,43.736481,-96.625991,505.0,Dfa,North America,US
104885,Montsec,42.051417,0.729689,1574.0,Cfb,Europe,ES
104890,Lopburi,15.266667,101.187361,49.28,Aw,Asia,TH
104902,Osaka-North,34.774,135.51,50.0,Cfa,Asia,JP
104922,DRAGON_GangneungWNU,37.771,128.867,60.0,Dfb,Asia,KR
104984,Upington,-28.379,21.156,865.0,BWh,Africa,ZA
105022,Maun_Tower,-19.9,23.55,951.0,BSh,Africa,BW
105208,Univ_of_Nevada-Reno,39.540867,-119.814033,1410.0,Csb,North America,US
105421,Suffield,50.28155,-111.130771,761.772,BSk,North America,CA
105441,Puli,23.96856,120.96689,446.0,Cwa,Asia,TW
105442,Mobile_N_050608,26.50624,80.43907,103.0,Cwa,Asia,IN
105444,GSFC,38.9925,-76.839833,87.0,Cfa,North America,US
106772,DRAGON_Porterville,36.03179,-119.05505,136.0,BSk,North America,US
106779,KORUS_Taehwa,37.31248,127.31033,152.0,Dwa,Asia,KR
106818,SACOL,35.946,104.137083,1965.8,BSk,Asia,CN
107943,Djougou,9.76007,1.59901,467.0,Aw,Africa,BJ
109167,Al_Qlaa,24.133333,53.033333,5.0,BWh,Asia,AE
109282,La_Palma,28.486667,-17.848611,630.0,As,Europe,ES
109285,Tunis_Carthage,36.838719,10.199781,10.0,Csa,Africa,TN
109667,Saturn_Island,48.775252,-123.128177,193.0,Csb,North America,CA
109771,ETNA_VENA,37.7905,15.1386,735.0,Csa,Europe,IT
109781,Birdsville,-25.89893,139.34596,46.5,BWh,Oceania,AU
109796,Mingo,36.9717,-90.1432,111.0,Cfa,North America,US
109829,PKU_PEK,39.593,116.184,66.0,Cwa,Asia,CN
109856,Caillouel_COBIACC,49.619914,3.12681,53.0,Cfb,Europe,FR
109869,DRAGON_PATUX,38.827168,-76.70938,26.0,Cfa,North America,US
109886,Abu_Dhabi,24.476111,54.328889,7.0,BWh,Asia,AE
109891,Sao_Paulo,-23.5615,-46.734983,786.0,Cfb,South America,BR
110368,DRAGON_PineyOrchard,39.060781,-76.719202,59.0,Cfa,North America,US
110387,Lake_Okeechobee,26.9017,-80.7892,9.0,Cfa,North America,US
110390,DRAGON_Ina,35.8475,137.96125,683.0,Dfb,Asia,JP
110408,Doi_Ang_Khang,19.93245,99.0454,1536.0,Aw,Asia,TH
111073,Welgegund,-26.569444,26.939167,1480.0,BSk,Africa,ZA
111151,Tukurui,-3.716666,-49.683331,100.0,Am,South America,BR
111152,Hyytiala,61.846447,24.295892,191.0,Dfc,Europe,FI
111171,Valladolid_Sci,41.6562,-4.7148,701.0,Csb,Europe,ES
111183,NEON_TALL,32.950461,-87.393269,165.0,Cfa,North America,US
111270,Chiayi,23.495975,120.495975,62.0,Aw,Asia,TW
112202,Ben_Salem,35.55055,9.914003,130.0,BSk,Africa,TN
112608,Brookhaven,40.866,-72.8847,37.0,Cfa,North America,US
112783,DRAGON_CTNVL,39.275833,-76.771944,133.0,Cfa,North America,US
112795,T1_MAX_MEX,19.703067,-98.98195,2272.0,Cwb,North America,MX
112799,ARM_Highlands_MA,42.030478,-70.049317,47.8536,Cfb,North America,US
112808,Cabo_da_Roca,38.781722,-9.497667,136.0,Csb,Europe,PT
112919,Dibrugarh_Univ,27.45085,94.896889,119.0,Cwa,Asia,IN
113307,Lubango,-14.958,13.445,2047.0,Aw,Africa,AO
114179,Trivandrum,8.533333,76.866667,4.0,Am,Asia,IN
114192,Dalma,24.502222,52.331667,16.0,BWh,Asia,AE
114386,Yufa_PEK,39.309,116.184,20.0,BSk,Asia,CN
114432,Hamim,22.966667,54.3,105.0,BWh,Asia,AE
115327,Lake_Lefroy,-31.255,121.705,300.0,BSh,Oceania,AU
115329,Tabernas_PSA-DLR,37.09076,-2.35818,500.0,BSk,Europe,ES
115497,Migal,33.236394,35.578278,200.0,Csa,Asia,IL
115924,DRAGON_Pylesville,39.67515,-76.405349,158.0,Cfa,North America,US
115936,El_Arenosillo,37.105,-6.733472,59.0,Csa,Europe,ES
116392,Masdar_Institute,24.4416,54.6166,4.0,BWh,Asia,AE
118714,Toulouse,43.574722,1.373889,150.0,Cfb,Europe,FR
118747,KORUS_Mokpo_NU,34.91342,126.43736,26.0,Cfa,Asia,KR
118832,Mobile_S_060708,26.105807,80.610912,142.0,Cwa,Asia,IN
118833,TUBITAK_UZAY_Ankara,39.891,32.778,924.0,Csa,Asia,TR
118886,Santa_Monica_Colg,34.01685,-118.47113,55.0,Csb,North America,US
119031,Saada,31.62583,-8.15583,420.0,BSh,Africa,MA
120377,Maldives_Gan,-0.6905,73.15,4.0,Aw,Asia,MV
120381,NEON_MLBS,37.378306,-80.524836,1170.0,Cfa,North America,US
120386,Cork_UCC,51.89241,-8.493762,40.0,Cfb,Europe,IE
120387,Gosan_NIMS_SNU,33.3001,126.2058,52.0,Cfa,Asia,KR
120468,Kanpur,26.512778,80.231639,123.0,Cwa,Asia,IN
132041,Epanomi,40.375,22.978,20.0,Csa,Europe,GR
132048,MAARCO,24.700333,54.658833,10.0,BWh,Asia,AE
132103,Calhau,16.863889,-24.867222,40.0,BWh,Africa,CV
132355,NhaTrang,12.204722,109.205556,20.0,Aw,Asia,VN
132559,Fukue,32.752,128.682,80.0,Cfa,Asia,JP
132583,DRAGON_OLNES,39.149148,-77.068267,180.0,Cfa,North America,US
132621,Windpoort,-19.365556,15.482778,1206.0,BWh,Africa,NA
133449,DRAGON_Korea_Univ,37.58514,127.02507,65.4,Dwa,Asia,KR
133545,Amity_Univ_Gurgaon,28.317329,76.916031,285.0,BSh,Asia,IN
133665,Lecce_University,40.335111,18.111389,30.0,Csa,Europe,IT
134339,Kaohsiung,22.675621,120.292171,15.0,Cwa,Asia,TW
135324,KORUS_Iksan,35.9622,127.0052,84.0,Dfa,Asia,KR
135473,DRAGON_Padonia,39.462036,-76.631669,120.0,Cfa,North America,US
135512,USDA_ALARC,33.077454,-111.97339,377.0,BWh,North America,US
135600,Kyungil_University,36.071667,128.82361,447.0,Dwa,Asia,KR
135604,Fresno_2,36.78537,-119.77302,100.0,BSk,North America,US
135982,UCSB,34.415428,-119.84536,33.0,Csb,North America,US
136040,HESS,-23.273,16.502944,1818.0,BWh,Africa,NA
136222,Bac_Giang,21.291416,106.225472,15.0,Cwa,Asia,VN
137208,Canberra,-35.2713,149.1111,600.0,Cfb,Oceania,AU
137233,USDA,39.029999,-76.879997,50.0,Cfa,North America,US
137265,Barbados_SALTRACE,13.148513,-59.624839,110.0,Af,North America,BB
137268,Paris,48.846797,2.355508,50.0,Cfb,Europe,FR
137538,DRAGON_Nara,34.688,135.828,80.0,Cfa,Asia,JP
137560,Chen-Kung_Univ,22.993419,120.204664,50.0,Cwa,Asia,TW
139111,Andenes,69.278333,16.008611,379.0,ET,Europe,NO
139114,Darwin,-12.424,130.8915,29.0,Aw,Oceania,AU
139239,Baskin,32.28222,-91.73866,23.0,Cfa,North America,US
139241,IASBS,36.705167,48.507111,1805.0,Dsb,Asia,IR
139320,CENER,42.816424,-1.602187,471.0,Cfb,Europe,ES
139371,Midway_Island,28.209833,-177.378333,20.0,Cfb,North America,US
139372,DRAGON_Matsumoto,36.251389,137.977832,626.0,Dfb,Asia,JP
139382,OK_St_Univ,35.04564,-97.91734,331.0,Cfa,North America,US
139385,El_Segundo,33.9125,-118.3823,25.0,BSk,North America,US
139393,Pilar_Cordoba,-31.667411,-63.882597,333.0,Cwa,South America,AR
139453,St_Louis_University,38.636342,-90.231552,159.0,Cfa,North America,US
139580,Easton_Airport,38.80745,-76.07257,15.0,Cfa,North America,US
139667,Paddockwood,53.507889,-105.561817,481.0,Dfc,North America,CA
139668,Miami,25.72292,-80.27972,32.0,Aw,North America,US
139678,Rogers_Dry_Lake,34.92555,-117.885,715.0,BSk,North America,US
139684,Tallahassee,30.445833,-84.29935,49.0,Cfa,North America,US
139716,Nainital,29.35883,79.45827,1939.0,Cwa,Asia,IN
139757,Okinawa,26.356667,127.768333,46.0,Cfa,Asia,JP
139765,Hangzhou-ZFU,30.257233,119.727417,42.0,Cfa,Asia,CN
139767,Kuching,1.490556,110.348611,28.0,Af,Asia,MY
139837,Chachoengsao,13.5,101.45,60.0,Aw,Asia,TH
139938,Wytham_Woods,51.770278,-1.3325,160.0,Cfb,Europe,GB
139973,MAXAR_FUTON,40.03556,-104.885,1522.0,BSk,North America,US
139995,Kathmandu-Bode,27.68,85.39,1297.0,Cwb,Asia,NP
140112,Columbia_SC,34.022803,-81.036333,104.2,Cfa,North America,US
140233,Medenine-IRA,33.499633,10.642547,33.5,BWh,Africa,TN
141011,DRAGON_Pusan_NU,35.235354,129.082493,78.0,Cwa,Asia,KR
141072,NUIST,32.206483,118.71715,62.0,Cfa,Asia,CN
141168,Upper_Buffalo,35.8258,-93.203,722.0,Cfa,North America,US
141175,KEMPTEN_UAS,47.715833,10.314133,718.0,Cfb,Europe,DE
141179,LOS_FIEROS_98,-14.556,-60.929,208.0,Aw,South America,BO
141233,Tarbes_Etal,43.224033,0.049283,332.0,Cfb,Europe,FR
141255,CEILAP-RG,-51.600503,-69.31925,19.0,BSk,South America,AR
141257,DRAGON_Aurora_East,39.63854,-104.56913,1802.0,BSk,North America,US
141260,Yen_Bai,21.70495,104.86894,53.0,Cwa,Asia,VN
141290,UACJ_UNAM_ORS,31.743333,-106.431667,1127.0,BWk,North America,MX
141322,Kaiping,22.3152,112.5386,51.0,Cwa,Asia,CN
141358,DRAGON_Welch,39.63878,-105.13951,1743.0,BSk,North America,US
141360,Frioul,43.266111,5.293333,40.0,Csb,Europe,FR
141422,Yakutsk,61.661667,129.366667,118.5,Dfd,Europe,RU
141815,Xinglong,40.396389,117.578333,899.0,Dwa,Asia,CN
142256,NASA_LaRC,37.10496,-76.37864,5.0,Cfa,North America,US
142371,La_Crau,43.5765,4.819,32.0,Csa,Europe,FR
142373,Huambo,-12.8679,15.7046,1670.0,Cwb,Africa,AO
142985,Abracos_Hill,-10.76,-62.358333,259.0,Aw,South America,BR
143381,DRAGON_Omachi,36.503056,137.8514,751.0,Dfc,Asia,JP
143382,NEON_SJER,37.10878,-119.73228,368.0,Csa,North America,US
143705,Nara,34.688,135.828,80.0,Cfa,Asia,JP
143713,Chapada,-15.360644,-55.830143,387.0,Aw,South America,BR
143714,Heng-Chun,22.054742,120.6995,25.0,Cwa,Asia,TW
143774,Weizmann_Institute,31.907235,34.810531,73.0,Csa,Asia,IL
144283,Salton_Sea,33.16923,-115.85593,-32.0,BWh,North America,US
144350,Ascension_Island,-7.976389,-14.414722,30.0,Af,Africa,SH
144444,Merida_MEDA,20.9839,-89.6452,25.0,Aw,North America,MX
144445,Yekaterinburg,57.038333,59.545,300.0,Dfc,Europe,RU
144583,Cairo_EMA,30.080767,31.290067,70.0,BWh,Africa,EG
144779,Banizoumbou,13.54693,2.66519,274.0,BSh,Africa,NE
149872,Denver_LaCasa,39.77949,-105.00518,1601.0,BSk,North America,US
149881,HOPE-Hambach,50.8972,6.4639,110.0,Cfb,Europe,DE
149882,Dayton,39.775977,-84.109618,243.0,Cfa,North America,US
149959,Fresno,36.781733,-119.773167,97.0,BSk,North America,US
150174,Yulin,38.283333,109.716667,1080.0,BSk,Asia,CN
150424,XiangHe,39.7536,116.9615,36.0,Dwa,Asia,CN
155259,Maeson,19.83046,99.17069,502.0,Aw,Asia,TH
155420,Sofia_IEBAS,42.6539,23.3868,631.0,Cfb,Europe,BG
155463,CUT-TEPAK,34.674806,33.04275,22.0,Csa,Asia,CY
155878,DigitalGlobe_Cal,40.13889,-105.13722,1539.24,BSk,North America,US
155881,Exeter_MO,50.728519,-3.475167,40.0,Cfb,Europe,GB
155887,DRAGON_Kongju_NU,36.470623,127.140023,73.0,Dwa,Asia,KR
155986,MetObs_Lindenberg,52.209275,14.12087,120.0,Cfb,Europe,DE
156073,Tizi_Ouzou,36.698611,4.055833,133.0,Csa,Africa,DZ
156258,Lugansk,48.5704,39.36472,90.0,Dfa,Europe,UA
156267,TGF_Tsukuba,36.113889,140.096,25.0,Cfa,Asia,JP
156298,Campo_Grande,-20.45,-54.616667,551.0,Aw,South America,BR
156313,DRAGON_ONNGS,39.387756,-76.81912,177.0,Cfa,North America,US
156339,USDA-Howard,39.0542,-76.8775,52.8,Cfa,North America,US
156366,Davos,46.81281,9.84369,1589.0,Dfc,Europe,CH
156368,NEON_CLBJ,33.40123,-97.57,259.0,Cfa,North America,US
156397,Buesum,54.13225,8.878797,7.0,Cfb,Europe,DE
156429,Wits_University,-26.192444,28.028972,1775.0,Cwb,Africa,ZA
156443,Herstmonceux,50.867517,0.334378,82.8,Cfb,Europe,GB
156458,Tsumkwe,-19.616667,20.4425,1154.0,BSh,Africa,NA
156661,DRAGON_Kyoto,35.026,135.781,60.0,Cfa,Asia,JP
156679,DRAGON_Pasadena,39.111638,-76.45544,17.0,Cfa,North America,US
156711,Fuguei_Cape,25.297452,121.537859,50.0,Cfa,Asia,TW
156744,Avignon,43.93275,4.878067,32.0,Csa,Europe,FR
157117,Prospect_Hill,32.299314,-64.765092,64.0,Cfa,North America,BM
157118,NEON_GUAN,17.96955,-66.8687,128.0,Am,North America,US
157172,Zhongshan,22.515833,113.383333,39.0,Cfa,Asia,CN
157187,Kupang,-10.139178,123.667097,30.0,Aw,Asia,ID
157189,Toronto,43.79,-79.47,186.0,Dfb,North America,CA
157392,DRAGON_Jalan_ChainF,5.400542,100.381339,8.0,Af,Asia,MY
157402,DRAGON_UiTM,5.38313,100.41631,7.0,Af,Asia,MY
157405,Lahore,31.47987,74.26406,209.0,BSh,Asia,PK
162735,Yellowknife_Aurora,62.4513,-114.37625,220.8,Dfc,North America,CA
162836,Kluane_Lake,61.027,-138.41,773.0,ET,North America,CA
162844,Kellogg_LTER,42.407983,-85.371717,293.0,Dfa,North America,US
162917,DRAGON_EDCMS,38.922218,-76.560012,13.0,Cfa,North America,US
162925,SEARCH-OLF,30.54997,-87.37531,44.0,Cfa,North America,US
162958,FZJ-JOYCE,50.908333,6.413056,111.0,Cfb,Europe,DE
163126,Quarzazate,30.939,-6.909,1150.0,BWk,Africa,MA
163134,DRAGON_ARNCC,39.1589,-76.7208,50.0,Cfa,North America,US
163168,Palencia,41.988572,-4.515694,750.0,Csb,Europe,ES
163339,Grizzly_Bay,38.108167,-122.056208,4.0,Csb,North America,US
163340,Thompson_Farm,43.108772,-70.948344,26.0,Dfb,North America,US
163456,Cairo_University,30.026167,31.207317,50.0,BWh,Africa,EG
163559,DRAGON_Nishiharima,35.026,134.336,420.0,Cfa,Asia,JP
163571,Gual_Pahari,28.426086,77.15047,250.0,BSh,Asia,IN
164708,Katibougou,12.916667,-7.532,304.0,Aw,Africa,ML
164720,SANTA_CRUZ,-17.802133,-63.177717,442.0,Af,South America,BO
164762,BORDEAUX,44.788028,-0.579167,40.0,Cfb,Europe,FR
164811,San_Pietro_Capo,44.650001,11.619999,11.0,Cfa,Europe,IT
164829,KORUS_Songchon,37.33849,127.48946,90.0,Dwa,Asia,KR
164884,Finokalia-FKL,35.337712,25.669762,258.0,Csa,Europe,GR
164994,Toulouse_MF,43.57261,1.37432,160.0,Cfb,Europe,FR
165058,Dakar,14.394167,-16.958611,21.0,As,Africa,SN
169816,Shirahama,33.69345,135.356917,10.0,Cfa,Asia,JP
170825,Gotland,57.916667,18.95,10.0,Cfb,Europe,SE
170867,Pretoria_CSIR-EC,-25.750126,28.278441,1403.0,Cwb,Africa,ZA
170930,Missoula,46.916668,-114.083336,976.0,Dfb,North America,US
171182,DRAGON_BLLRT,39.389385,-76.578242,127.0,Cfa,North America,US
171197,Coruna,43.363,-8.4208,67.0,Csb,Europe,ES
171306,Porto_Velho,-8.77,-63.95,110.0,Am,South America,BR
171310,KORUS_Olympic_Park,37.52165,127.12418,45.0,Dwa,Asia,KR
171343,Kirtland_AFB,34.95081,-106.507403,1711.312,BSk,North America,US
171344,ARM_Darwin,-12.425,130.891,29.9,Aw,Oceania,AU
171538,Manila_Observatory,14.63525,121.07784,63.0,Am,Asia,PH
171777,Dry_Tortugas,24.628056,-82.871944,3.0,Aw,North America,US
171804,Monclova,25.95,-101.47,1714.0,BWh,North America,MX
171806,Okinawa_Hedo,26.867,128.249,60.0,Cfa,Asia,JP
171871,Pokhara,28.186643,83.97518,800.0,Cwa,Asia,NP
174114,DRAGON_Soha,37.45213,126.8847,48.0,Dwa,Asia,KR
174201,DRAGON_Kofu,35.678889,138.571534,314.0,Cfa,Asia,JP
174246,ND_Marbel_Univ,6.496011,124.842531,70.0,Af,Asia,PH
174317,Fort_McKay,57.1835,-111.64,267.0,Dfb,North America,CA
174379,Biarritz,43.483333,-1.55,42.0,Cfb,Europe,FR
174382,Magurele_Inoe,44.348292,26.030703,90.0,Cfa,Europe,RO
174672,Valladolid,41.6636,-4.70583,705.0,Csb,Europe,ES
174775,KORUS_NIER,37.56893,126.63971,26.9,Dwa,Asia,KR
174848,Bonanza_Creek,64.742805,-148.316269,353.0,Dfc,North America,US
175062,NEON-CPER,40.812444,-104.744238,1655.0,BSk,North America,US
175166,Villefranche,43.683889,7.328889,130.0,Csb,Europe,FR
175462,Ji_Parana,-10.86,-61.799999,168.0,Aw,South America,BR
175489,Windsor_M,42.17,-82.87,190.0,Dfa,North America,CA
175490,Hankuk_UFS,37.33883,127.26582,167.0,Dwa,Asia,KR
176078,NEON_CVALLA,40.16063,-105.16725,1539.0,BSk,North America,US
176120,USGS_Flagstaff_ROLO,35.21484,-111.63442,2179.6,Dsb,North America,US
176150,DRAGON_Visalia,36.31411,-119.39301,89.0,BSk,North America,US
176157,San_Cristobal_USFQ,-0.8954,-89.60879,22.0,BSh,South America,EC
176158,DRAGON_Fukue,32.752,128.682,80.0,Cfa,Asia,JP
176173,DRAGON_Mt_Ikoma,34.6798,135.678667,600.0,Cfa,Asia,JP
176186,Izana,28.30932,-16.49906,2401.0,Csb,Europe,ES
176273,Catalina,32.456511,-110.879547,935.0,BSh,North America,US
176311,Brest_MF,48.444565,-4.411855,101.0,Cfb,Europe,FR
176367,Momuy_MF,43.6243,-0.6092,124.0,Cfb,Europe,FR
176370,Aguascalientes,21.7,-102.32,1861.0,BSh,North America,MX
176372,NEON_SCBI,38.892919,-78.1395,354.0,Cfb,North America,US
176499,Shouxian,32.558383,116.78195,22.7,Cfa,Asia,CN
176701,CUIABA-MIRANDA,-15.73091,-56.07086,210.0,Aw,South America,BR
177498,Tomsk,56.475351,85.04806,174.0,Dfc,Europe,RU
177641,BONDVILLE,40.053333,-88.371944,212.0,Dfa,North America,US
178179,Red_Mountain_Pass,37.907449,-107.710917,3376.0,Dfc,North America,US
178184,Thompson,55.799999,-97.849998,218.0,Dfc,North America,CA
178195,El_Nido_Airport,11.2051,119.4135,4.0,Aw,Asia,PH
178197,Munich_Maisach,48.209,11.258,520.0,Cfb,Europe,DE
178207,IMS-METU-ERDEMLI,36.565,34.255,3.0,Csb,Asia,TR
179103,Jabiru,-12.6607,132.8931,30.0,Aw,Oceania,AU
179398,Gangneung_WNU,37.771,128.867,60.0,Dfb,Asia,KR
179992,DRAGON_DenverLaCasa,39.77949,-105.00518,1601.0,BSk,North America,US
179993,Univ_of_Lethbridge,49.681672,-112.868967,904.0,BSk,North America,CA
180129,Aras_de_los_Olmos,39.945,-1.1016,1280.0,Cfb,Europe,ES
180150,ARM_LaPorte,29.669,-95.059,7.0,Cfa,North America,US
180151,Santa_Cruz_Tenerife,28.472528,-16.247361,52.0,Csb,Europe,ES
181182,LAMTO-STATION,6.223517,-5.026617,105.0,Aw,Africa,CI
181489,Majadas,39.955031,-5.775914,258.0,Csa,Europe,ES
181500,Ndola,-12.995,28.658333,1270.0,Cwa,Africa,ZM
181622,MALE,4.191667,73.529167,2.0,Aw,Asia,MV
181632,Creteil,48.7885,2.442783,57.0,Cfb,Europe,FR
181660,Kathmandu_Univ,27.601067,85.538333,1510.0,Cwa,Asia,NP
181708,NEON_HEAL,63.875689,-149.213339,678.18,ET,North America,US
181755,DRAGON_Galveston,29.254474,-94.861289,1.0,Cfa,North America,US
181765,NEON_WOOD,47.128228,-99.241356,590.0,Dfb,North America,US
181929,Cabauw,51.971,4.927,-0.7,Cfb,Europe,NL
182222,Son_La,21.3322,103.905151,681.0,Cwa,Asia,VN
182594,DRAGON_Henties_2,-22.115833,14.339791,50.0,BWk,Africa,NA
182600,Tamanrasset_TMP,22.79,5.53,1377.0,BWh,Africa,DZ
182609,Bareilly,28.38996,79.43696,169.0,Cwa,Asia,IN
182664,Hong_Kong_PolyU,22.303333,114.179722,30.0,Cwa,Asia,CN
182933,Dushanbe,38.553264,68.857911,821.0,Csa,Asia,TJ
184123,SDSU_IPLab,44.314828,-96.786075,518.0,Dwa,North America,US
184347,Marseille,43.2824,5.383817,34.0,Csb,Europe,FR
184356,Cabo_Raso,38.70937,-9.48587,20.0,Csb,Europe,PT
184361,NASA_KSC,28.463763,-80.663476,1.2,Cfa,North America,US
184363,Alta_Floresta_IF,-9.908354,-56.064393,288.0,Aw,South America,BR
184373,Dunhuang,40.03838,94.794,1381.0,BWk,Asia,CN
184379,ARM_Graciosa,39.09109,-28.02917,15.2,Cfb,Europe,PT
184406,KITcube_Save,8.000928,2.427925,166.0,Aw,Africa,BJ
184409,CLUJ_UBB,46.768333,23.551389,405.0,Dfb,Europe,RO
184659,Pinehurst_Idaho,47.536739,-116.236917,680.0,Dsb,North America,US
184701,Hada_El-Sham,21.802,39.7289,254.0,BWh,Asia,SA
184821,Rimrock,46.4875,-116.991667,824.0,Cfb,North America,US
185122,CEILAP-BA,-34.555425,-58.506411,26.0,Cfa,South America,AR
185211,Ulaangom,49.973035,92.078183,944.0,BSk,Asia,MN
185215,Granite_Island,46.7208,-87.412,183.0,Dfb,North America,US
185243,Ras_El_Ain,31.670278,-7.599444,570.0,BSh,Africa,MA
185392,DRAGON_Pondok_Upeh,5.33325,100.22661,16.0,Af,Asia,MY
185399,SMART_POL,24.249321,55.612064,250.0,BWh,Asia,AE
185567,ARM_SGP,36.605175,-97.485619,319.0,Cfa,North America,US
185761,New_Delhi,28.630467,77.1751,240.0,BSh,Asia,IN
186035,Campus_USACH,-33.4499,-70.681567,550.0,Csb,South America,CL
186084,Timisoara,45.74626,21.22736,122.0,Cfb,Europe,RO
186307,CalTech,34.13673,-118.126167,260.0,Csb,North America,US
186347,Jabal_Hafeet,24.058217,55.776383,1059.0,BWh,Asia,AE
186380,ISDGM_CNR,45.436981,12.331982,20.0,Cfa,Europe,IT
187071,Brasilia,-15.917,-47.900002,1100.0,Aw,South America,BR
187107,New_Delhi_IMD,28.5885,77.2216,241.0,BSh,Asia,IN
187298,Jingtai,37.333333,104.1,1583.0,BSk,Asia,CN
187352,Walker_Branch,35.958333,-84.2875,365.0,Cfa,North America,US
187608,Ispra,45.80305,8.6267,235.0,Cfb,Europe,IT
188936,Huancayo-IGP,-12.0402,-75.3209,3313.0,ET,South America,PE
188975,HohenpeissenbergDWD,47.8019,11.0119,989.68,Cfb,Europe,DE
188991,Ji_Parana_SE,-10.93425,-61.851517,218.0,Aw,South America,BR
189834,HJAndrews,44.238609,-122.223892,830.0,Csb,North America,US
189851,LISCO,40.954517,-73.341767,12.0,Cfa,North America,US
189980,Fang,19.913397,99.206425,480.0,Aw,Asia,TH
190236,SEARCH-Centreville2,32.90289,-87.24968,126.0,Cfa,North America,US
190261,Xitun,24.1622,120.6169,91.0,Cwa,Asia,TW
190793,South_Greenbay,44.59633,-87.9512,175.87,Dfb,North America,US
190812,Namibe,-15.159,12.178,11.0,BWh,Africa,AO
191115,Beijing,39.97689,116.38137,92.0,Cwa,Asia,CN
194092,DRAGON_UH_Sugarland,29.5741,-95.652,22.0,Cfa,North America,US
194103,Surinam,5.8,-55.2,12.0,Af,South America,SR
194104,San_Marco_Platform,-2.941667,40.214722,20.0,As,Africa,KE
194105,Rexburg_Idaho,43.82011,-111.78301,1501.0,Dfb,North America,US
194266,Al_Khaznah,24.158611,55.100556,192.0,BWh,Asia,AE
194390,DRAGON_Permatang_DL,5.277875,100.271253,13.0,Af,Asia,MY
194401,ARIAKE_TOWER,33.103617,130.27195,15.0,Cfa,Asia,JP
194543,POLWET_Rzecin,52.762019,16.309589,54.0,Cfb,Europe,PL
194557,Rome_ESA_ESRIN,41.826667,12.671833,240.0,Csb,Europe,IT
194562,Warsaw_UW,52.210932,20.982636,117.0,Dfb,Europe,PL
194613,Hermosillo,29.074722,-110.96,237.0,BWh,North America,MX
194616,Beijing-CAMS,39.93333,116.31667,106.0,Cwa,Asia,CN
196272,Possession_Island,-27.010428,15.194255,3.0,BWk,Africa,NA
196275,UH_Coastal_Center,29.3883,-95.0425,5.0,Cfa,North America,US
196314,Niigata,37.846,138.942,10.0,Cfa,Asia,JP
196410,Egbert,44.231543,-79.781414,264.0,Dfb,North America,CA
196821,DRAGON_Konkuk_Univ,37.54205,127.079774,40.0,Dwa,Asia,KR
196917,DRAGON_Bokjeong,37.45699,127.13123,61.2,Dwa,Asia,KR
196983,DRAGON_Galveston_DP,29.254474,-94.861289,1.0,Cfa,North America,US
196992,DRAGON_Bainbridge,39.606044,-76.074122,129.0,Cfa,North America,US
197012,DRAGON_Fukue_2,32.672,128.817,50.0,Cfa,Asia,JP
197017,Tai_Ping,10.3755,114.362,4.0,Am,Asia,TW
197033,USDA-BARC,39.03127,-76.93218,46.0,Cfa,North America,US
197046,Thimphu,27.472643,89.639057,2314.0,ET,Asia,BT
197049,Brasilia_SONDA,-15.60129,-47.71348,992.0,Aw,South America,BR
197067,ARM_Ascension_Is,-7.966964,-14.349806,341.0,Af,Africa,SH
197068,La_Jolla,32.86846,-117.25113,80.0,BSk,North America,US
197096,DRAGON_Chatfield_Pk,39.5345,-105.070365,1676.0,BSk,North America,US
197100,REUNION_ST_DENIS,-20.90139,55.48474,93.0,Cfb,Europe,FR
197109,Bodele,16.883,18.55,179.0,BWh,Africa,TD
197115,Bakersfield,35.331506,-119.000008,108.0,BWh,North America,US
197344,MVCO,41.325,-70.5667,10.0,Cfb,North America,US
197371,Minsk,53.92,27.601,235.0,Dfb,Europe,BY
197782,Billerica,42.528347,-71.268619,82.0,Dfa,North America,US
198037,DRAGON_Weld_Co_Twr,40.38636,-104.737445,1484.0,BSk,North America,US
198039,Alta_Floresta,-9.871339,-56.104453,277.0,Aw,South America,BR
199002,NEON_OAES,35.41059,-99.05879,523.0,Cfa,North America,US
199102,Niamey,13.481389,2.172222,205.0,BSh,Africa,NE
199192,Toyama,36.699,137.187,30.0,Cfa,Asia,JP
199213,Liangning,41.5118,122.7013,15.0,Dwa,Asia,CN
199249,Kuwait_University,29.325,47.971,42.0,BWh,Asia,KW
200274,The_Hague,52.11048,4.32682,18.0,Cfb,Europe,NL
200369,Napoli_CeSMA,40.836842,14.306567,50.0,Csa,Europe,IT
200566,Arica,-18.471667,-70.313333,25.0,BWk,South America,CL
200974,Lanzhou_City,36.04805,103.8534,1516.0,BSk,Asia,CN
200994,Pimai,15.181944,102.564167,220.0,Aw,Asia,TH
201598,DRAGON_WileyFord,39.610446,-78.773648,217.0,Cfa,North America,US
201616,SEGC_Lope_Gabon,-0.20155,11.60082,280.0,Aw,Africa,GA
202158,Kanzelhohe_Obs,46.677232,13.901269,1526.0,Dfb,Europe,AT
202164,Chao_Jou,22.513056,120.529167,12.0,Cwa,Asia,TW
202168,IER_Cinzana,13.278433,-5.933867,285.0,BSh,Africa,ML
206069,Modesto,37.64217,-120.99422,33.0,Csa,North America,US
206366,Anmyon,36.538537,126.330194,47.0,Cwa,Asia,KR
207562,Moscow_MSU_MO,55.706947,37.522019,192.0,Dfb,Europe,RU
207904,Tiksi,71.586917,128.921417,17.0,ET,Europe,RU
207916,Belsk,51.836667,20.791667,190.0,Dfb,Europe,PL
208335,Guadeloup,16.22492,-61.528378,39.0,Am,Europe,FR
208455,Grand_Forks,47.91175,-97.32545,268.0,Dfb,North America,US
208562,DRAGON_CHASE,38.978612,-77.080002,120.0,Cfa,North America,US
208578,Manchester_UoM,53.467374,-2.232006,94.0,Cfb,Europe,GB
208586,Potosi_Mine,-9.23092,-62.863328,124.0,Am,South America,BR
208587,Montevideo_FING,-34.918167,-56.166767,71.0,Cfa,South America,UY
208591,Antikythera_NOA,35.86099,23.30982,193.0,Csa,Europe,GR
208666,Henties_Bay,-22.09506,14.25974,20.0,BWk,Africa,NA
208695,MD_Science_Center,39.28123,-76.612052,15.0,Cfa,North America,US
209537,Tudor_Hill,32.264,-64.879,51.0,Cfa,North America,BM
209539,DRAGON_BelAir,39.500014,-76.263098,52.0,Cfa,North America,US
209555,Galata_Platform,43.044624,28.19319,31.0,Cfb,Europe,BG
209659,Egbert_X,44.231543,-79.781414,264.0,Dfb,North America,CA
209672,KORUS_Daegwallyeong,37.68712,128.75872,837.0,Dfb,Asia,KR
209677,Kibale,0.56045,30.3575,1536.0,Aw,Africa,UG
209679,Alboran,35.939625,-3.35297,15.0,Csa,nan,nan
209703,Edinburgh,55.923967,-3.17915,97.5,Cfb,Europe,GB
209708,St_Helena,-15.9424,-5.6673,434.0,BWh,Africa,SH
209709,NEON_GRSM,35.688961,-83.50195,579.0,Cfa,North America,US
209735,Vinon,43.709233,5.75865,304.0,Csa,Europe,FR
209739,Philadelphia,40.035667,-75.004667,20.0,Cfa,North America,US
209752,Minqin,38.607,102.959,1373.0,BWk,Asia,CN
209755,DRAGON_WSTFD,39.301577,-76.946248,173.0,Cfa,North America,US
209767,Dahkla,23.716667,-15.95,12.0,BWh,Africa,MA
210053,Pantnagar,29.046339,79.520889,241.0,Cwb,Asia,IN
210527,DRAGON_Minowa,35.915,137.980741,713.0,Dfb,Asia,JP
210542,Seguin_Texas_USA,29.570896,-97.982997,175.0,Cfa,North America,US
210544,Santarem,-2.428584,-54.706,25.0,Am,South America,BR
210547,USC_SEAPRISM,33.56371,-118.11782,31.0,BSk,North America,US
210551,Pickle_Lake,51.449444,-90.2175,393.0,Dfc,North America,CA
210621,Murcia,38.001,-1.1707,69.0,BSk,Europe,ES
210903,DRAGON_Henties_3,-22.183889,14.377948,30.0,BWk,Africa,NA
210908,DRAGON_LAREL,39.0808,-76.855,65.0,Cfa,North America,US
210930,Goldstone,35.233333,-116.791667,1100.0,BWk,North America,US
210986,DRAGON_LAUMD,39.1428,-76.8592,112.0,Cfa,North America,US
211024,DRAGON_KentIsland,38.9793,-76.307864,4.0,Cfa,North America,US
211067,Homburi,15.329167,-1.546667,280.0,BWh,Africa,ML
211179,Calipso_West_Denton,38.914961,-75.894331,15.0,Cfa,North America,US
211180,NEON_OSBS,29.689269,-81.993431,47.0,Cfa,North America,US
211190,Senanga,-16.108889,23.293333,1025.0,Cwa,Africa,ZM
211367,Al_Ain,24.242167,55.705167,283.0,BWh,Asia,AE
211393,Fort_McMurray,56.752306,-111.476139,360.0,Dfc,North America,CA
211492,Songkhla_Met_Sta,7.184387,100.604583,15.0,Am,Asia,TH
211699,ORS_UNAM_ISNP,19.399467,-99.203683,2361.0,Cwb,North America,MX
211705,Capo_Verde,16.7325,-22.935499,60.0,As,Africa,CV
213813,Socheongcho,37.423133,124.738039,28.0,Dwa,nan,nan
213949,Ariquiums,-9.916667,-63.033332,142.0,Am,South America,BR
213950,Balbina,-1.916983,-59.4868,80.0,Af,South America,BR
213968,Technion_Haifa_IL,32.77587,35.0249,230.0,Csa,Asia,IL
214041,DRAGON_ELLCT,39.2661,-76.861603,128.0,Cfa,North America,US
214065,HOPE-RWTH-Aachen,50.7777,6.0606,230.0,Cfb,Europe,DE
214067,Strzyzow,49.8786,21.8613,450.0,Dfb,Europe,PL
214161,El_Farafra,27.058,27.990167,92.0,BWh,Africa,EG
214629,Umm_Al_Quwain,25.533333,55.658333,20.0,BWh,Asia,AE
214804,Seoul_SNU,37.458056,126.951111,116.0,Dwa,Asia,KR
216001,AgiaMarina_Xyliatou,35.038,33.0577,521.0,Csa,Asia,CY
216189,Gandhi_College,25.871,84.127944,60.0,Cwa,Asia,IN
220887,Gloria,44.59997,29.35967,30.0,BSk,Europe,RO
220890,BMKG_Jakarta,-6.155239,106.841197,35.0,Af,Asia,ID
221066,Kemigawa_Offshore,35.610833,140.02333,8.2,Cfa,Asia,JP
221077,Cairo_EMA_2,30.080767,31.290067,70.0,BWh,Africa,EG
224245,DRAGON_Sanggye,37.65885,127.06845,35.0,Dwa,Asia,KR
224312,Praia,14.947,-23.484,102.0,As,Africa,CV
224331,Mindelo_OSCM,16.877772,-24.995374,10.0,BWh,Africa,CV
224394,Bambey-ISRA,14.708567,-16.476733,30.0,BSh,Africa,SN
224725,Capel_Dewi,52.424804,-4.004613,48.0,Cfb,Europe,GB
224726,La_Laguna,28.481944,-16.321111,568.0,Csb,Europe,ES
225230,Frenchman_Flat,36.80928,-115.93479,940.0,BWk,North America,US
225236,Lulin,23.468611,120.873611,2868.0,Cwb,Asia,TW
225277,DRAGON_Arvin,35.237959,-118.78781,158.0,BSh,North America,US
225288,Wallops,37.93285,-75.47195,37.0,Cfa,North America,US
225947,Waskesiu,53.914386,-106.069578,569.0,Dfc,North America,CA
226027,DRAGON_Kyungil_Univ,36.038648,128.788442,122.0,Dwa,Asia,KR
226099,Melpitz,51.525525,12.927601,84.0,Cfb,Europe,DE
226107,DRAGON_Yishun_ITE,1.434638,103.844876,2.0,Af,Asia,SG
226110,DRAGON_ABERD,39.515103,-76.16523,37.0,Cfa,North America,US
226135,HOPE-Krauthausen,50.8796,6.4145,100.0,Cfb,Europe,DE
226138,Luang_Namtha,20.9311,101.4162,557.0,Cwa,Asia,LA
227062,Sra_Kaeo,13.6889,102.5043,67.8,Aw,Asia,TH
227299,Marbella_San_Pedro,36.486309,-4.993439,100.0,Csa,Europe,ES
227310,DRAGON_Worton,39.285436,-76.091633,24.0,Cfa,North America,US
227330,Bermuda,32.37,-64.696111,10.0,Cfa,North America,BM
227331,DRAGON_TKMPR,38.995278,-76.997222,90.0,Cfa,North America,US
227335,SP_Bayboro,27.76155,-82.633,5.0,Cfa,North America,US
227347,Bucarest,44.45,26.525,44.0,Cfa,Europe,RO
227365,Skukuza,-24.9917,31.5875,265.0,BSh,Africa,ZA
227891,Misamfu,-10.1712,31.2241,1381.0,Cwa,Africa,ZM
228651,Stornoway_MO,58.21156,-6.182147,82.5,Cfb,Europe,GB
228652,WFF_X-75_Sci_Obs,37.843908,-75.477517,10.0,Cfa,North America,US
228662,DRAGON_Clovis,36.81931,-119.71639,90.0,BSk,North America,US
228669,DRAGON_Matsue,35.48,133.01,10.0,Cfa,Asia,JP
228673,Sao_Tome,0.37469,6.71099,27.0,Am,Africa,ST
228737,DRAGON_Temasek_Poly,1.344821,103.930621,10.0,Af,Asia,SG
228744,Mandalay_MTU,21.972896,96.186136,104.0,Aw,Asia,MM
229276,Jaipur,26.905817,75.806217,450.0,BSh,Asia,IN
232384,JamTown,-9.190911,-63.1798,101.0,Am,South America,BR
232385,UPRM_Lidar_Lab,18.210131,-67.140125,32.0,Am,North America,US
232428,Messina,38.1975,15.566833,15.0,Csa,Europe,IT
232711,La_Paz,-16.539,-68.066467,3439.0,Cwc,South America,BO
232714,Taichung,24.106167,120.49133,10.0,Cwa,Asia,TW
232738,NEON_Bartlett,44.063881,-71.287203,273.0,Dfc,North America,US
232754,Railroad_Valley,38.497,-115.691,1437.0,BSk,North America,US
232816,Toulon,43.135556,6.009444,50.0,Csb,Europe,FR
232983,Lucinda,-18.5198,146.3861,8.0,Am,Oceania,AU
233004,Brisbane-Uni_of_QLD,-27.497083,153.013611,42.0,Cfa,Oceania,AU
233019,Agoufou,15.3454,-1.479117,305.0,BWh,Africa,ML
234801,Hokkaido_University,43.0755,141.3407,59.0,Dfb,Asia,JP
234949,IMAA_Potenza,40.601254,15.7237,770.0,Csb,Europe,IT
235083,Sakeji_School,-11.232956,24.312,1406.0,Cwa,Africa,ZM
235404,San_Giuliano,42.285556,9.519167,55.0,Csb,Europe,FR
235422,Modena,44.631667,10.945278,56.0,Cfa,Europe,IT
236633,Raciborz,50.0831,18.1917,230.0,Cfb,Europe,PL
236747,Sterling,38.98333,-77.46667,85.0,Cfa,North America,US
236756,DRAGON_Conroe,30.350278,-95.425,72.0,Cfa,North America,US
236772,NGHIA_DO,21.04778,105.79964,40.0,Cwa,Asia,VN
237402,Calipso_Church_Hill,39.147466,-75.981717,14.0,Cfa,North America,US
237406,Granada,37.164,-3.605,680.0,Csa,Europe,ES
237799,CATUC_Bamenda,5.9491,10.1563,1293.0,Am,Africa,CM
238287,Sesheke,-17.48083,24.303889,951.0,BSh,Africa,ZM
238300,DRAGON_Smith_Point,29.546111,-94.786969,1.0,Cfa,North America,US
238310,Koforidua_ANUC,6.109408,-0.302058,205.0,Am,Africa,GH
239831,London-UCL-UAO,51.52427,-0.131101,46.605,Cfb,Europe,GB
239842,DRAGON_Hanford,36.31572,-119.64323,50.0,BSk,North America,US
239843,Tampico_MAX_MEX,22.278283,-97.864167,38.0,Aw,North America,MX
239847,Barbados,13.148575,-59.624122,112.0,Af,North America,BB
239853,DRAGON_BOWEM,38.9747,-76.7506,40.0,Cfa,North America,US
239885,Tinga_Tingana,-28.975833,139.990933,38.0,BWh,Oceania,AU
239921,Lumbini_North,27.503722,83.282133,89.0,Cwa,Asia,NP
240545,Blida,36.508333,2.880556,230.0,Csa,Africa,DZ
240929,Bozeman,45.662204,-111.045013,1507.0,BSk,North America,US
241168,NASA_Ames,37.419986,-122.056969,10.0,Csb,North America,US
241268,DRAGON_Shafter,35.50361,-119.2725,86.0,BWk,North America,US
241278,Ussuriysk,43.7004,132.1635,280.0,Dwb,Europe,RU
241666,Petrolina_SONDA,-9.0691,-40.320108,381.0,BSh,South America,BR
241676,Lake_Argyle,-16.1081,128.7485,150.0,BSh,Oceania,AU
242284,Gobabeb,-23.561619,15.041058,405.0,BWk,Africa,NA
242535,Kyiv-AO,50.4523,30.498,200.0,Dfb,Europe,UA
242560,Bratts_Lake,50.204238,-104.713013,586.7,Dfb,North America,CA
242674,DRAGON_ManvelCroix,29.520427,-95.392522,19.0,Cfa,North America,US
242684,Sopot,54.450833,18.564722,11.0,Cfb,Europe,PL
242693,DRAGON_SPBRK,39.0581,-77.0058,110.0,Cfa,North America,US
242763,Oostende,51.225,2.925,23.0,Cfb,Europe,BE
243028,Kelowna_UAS,49.941294,-119.400111,456.0,Dfc,North America,CA
243112,KORUS_Kyungpook_NU,35.889989,128.606416,65.0,Cwa,Asia,KR
243251,Birkenes,58.38845,8.25231,230.0,Cfb,Europe,NO
243269,Chiba_University,35.6247,140.1038,60.0,Cfa,Asia,JP
243443,Baengnyeong,37.966111,124.630278,136.0,Dwa,Asia,KR
243725,DRAGON_Edgewood,39.409834,-76.296352,8.0,Cfa,North America,US
243736,Hampton_Roads,36.783333,-76.449997,10.0,Cfa,North America,US
243769,Arcachon,44.663528,-1.163222,11.0,Cfb,Europe,FR
243848,Georgia_Tech,33.780202,-84.399537,294.0,Cfa,North America,US
243965,Cerro_Poyos,37.108869,-3.487261,1809.0,Csb,Europe,ES
